,label,1,2,3,4,5,6,7,8,9,10,11,12,13,14,15,16,17,18,19,20,21,22,23,24,25,26,27,28,29,30,31,32,33,34,35,36,37,38,39,40,41,42,43,44,45,46,47,48,49,50,51,52,53,54,55,56,57,58,59,60,61,62,63,64,65,66,67,68,69,70,71,72,73,74,75,76,77,78,79,80,81,82,83,84,85,86,87,88,89,90,91,92,93,94,95,96,97,98,99,100,101,102,103,104,105,106,107,108,109,110,111,112,113,114,115,116,117,118,119,120,121,122,123,124,125,126,127,128,129,130,131,132,133,134,135,136,137,138,139,140,141,142,143,144,145,146,147,148,149,150,151,152,153,154,155,156,157,158,159,160,161,162,163,164,165,166,167,168,169,170,171,172,173,174,175,176,177,178,179,180,181,182,183,184,185,186,187,188,189,190,191,192,193,194,195,196,197,198,199,200,201,202,203,204,205,206,207,208,209,210,211,212,213,214,215,216,217,218,219,220,221,222,223,224,225,226,227,228,229,230,231,232,233,234,235,236,237,238,239,240,241,242,243,244,245,246,247,248,249,250,251,252,253,254,255,256,257,258,259,260,261,262,263,264,265,266,267,268,269,270,271,272,273,274,275,276,277,278,279,280,281,282,283,284,285,286,287,288,289,290,291,292,293,294,295,296,297,298,299,300,301,302,303,304,305,306,307,308,309,310,311,312,313,314,315,316,317,318,319,320,321,322,323,324,325,326,327,328,329,330,331,332,333,334,335,336,337,338,339,340,341,342,343,344,345,346,347,348,349,350,351,352,353,354,355,356,357,358,359,360,361,362,363,364,365,366,367,368,369,370,371,372,373,374,375,376,377,378,379,380,381,382,383,384,385,386,387,388,389,390,391,392,393,394,395,396,397,398,399,400,401,402,403,404,405,406,407,408,409,410,411,412,413,414,415,416,417,418,419,420,421,422,423,424,425,426,427,428,429,430,431,432,433,434,435,436,437,438,439,440,441,442,443,444,445,446,447,448,449,450,451,452,453,454,455,456,457,458,459,460,461,462,463,464,465,466,467,468,469,470,471,472,473,474,475,476,477,478,479,480,481,482,483,484,485,486,487,488,489,490,491,492,493,494,495,496,497,498,499,500,501,502,503,504,505,506,507,508,509,510,511,512,513,514,515,516,517,518,519,520,521,522,523,524,525,526,527,528,529,530,531,532,533,534,535,536,537,538,539,540,541,542,543,544,545,546,547,548,549,550,551,552,553,554,555,556,557,558,559,560,561,562,563,564,565,566,567,568,569,570,571,572,573,574,575,576,577,578,579,580,581,582,583,584,585,586,587,588,589,590,591,592,593,594,595,596,597,598,599,600,601,602,603,604,605,606,607,608,609,610,611,612,613,614,615,616,617,618,619,620,621,622,623,624,625,626,627,628,629,630,631,632,633,634,635,636,637,638,639,640,641,642,643,644,645,646,647,648,649,650,651,652,653,654,655,656,657,658,659,660,661,662,663,664,665,666,667,668,669,670,671,672,673,674,675,676,677,678,679,680,681,682,683,684,685,686,687,688,689,690,691,692,693,694,695,696,697,698,699,700,701,702,703,704,705,706,707,708,709,710,711,712,713,714,715,716,717,718,719,720,721,722,723,724,725,726,727,728,729,730,731,732,733,734,735,736,737,738,739,740,741,742,743,744,745,746,747,748,749,750,751,752,753,754,755,756,757,758,759,760,761,762,763,764,765,766,767,768,769,770,771,772,773,774,775,776,777,778,779,780,781,782,783,784,785,786,787,788,789,790,791,792,793,794,795,796,797,798,799,800,801,802,803,804,805,806,807,808,809,810,811,812,813,814,815,816,817,818,819,820,821,822,823,824,825,826,827,828,829,830,831,832,833,834,835,836,837,838,839,840,841,842,843,844,845,846,847,848,849,850,851,852,853,854,855,856,857,858,859,860,861,862,863,864,865,866,867,868,869,870,871,872,873,874,875,876,877,878,879,880,881,882,883,884,885,886,887,888,889,890,891,892,893,894,895,896,897,898,899,900,901,902,903,904,905,906,907,908,909,910,911,912,913,914,915,916,917,918,919,920,921,922,923,924,925,926,927,928,929,930,931,932,933,934,935,936,937,938,939,940,941,942,943,944,945,946,947,948,949,950,951,952,953,954,955,956,957,958,959,960,961,962,963,964,965,966,967,968,969,970,971,972,973,974,975,976,977,978,979,980,981,982,983,984,985,986,987,988,989,990,991,992,993,994,995,996,997,998,999
0,5,162,169,169,170,174,167,160,162,174,176,170,171,163,167,167,171,171,169,167,165,167,166,169,172,172,174,167,167,167,167,174,175,169,169,160,163,166,169,168,165,156,155,151,145,144,166,168,160,165,166,164,160,174,179,191,190,178,179,193,191,181,169,177,182,178,167,147,159,162,161,164,171,174,181,200,198,208,202,174,172,177,192,187,173,149,139,142,149,175,209,228,192,180,170,170,155,156,163,172,173,170,168,168,165,160,155,169,179,208,221,257,267,244,197,192,180,164,132,117,114,108,113,147,153,167,196,203,237,271,269,187,158,144,145,141,135,136,129,127,142,167,177,195,201,207,226,241,257,227,172,167,170,162,160,140,126,122,141,152,173,194,208,204,196,217,248,241,172,139,149,165,150,131,126,140,147,133,176,195,198,197,196,196,213,214,201,165,160,152,147,130,98,98,105,113,125,147,152,185,201,184,237,259,237,190,125,134,133,147,148,148,105,94,109,132,183,203,219,262,258,225,227,193,137,126,112,112,141,147,139,111,106,134,153,165,190,183,161,202,210,118,107,105,147,168,182,148,74,99,202,217,218,229,253,264,241,221,201,182,192,195,181,148,128,106,120,130,150,159,189,197,198,214,226,223,215,215,189,175,144,130,121,127,131,134,142,160,173,198,225,242,244,222,191,190,177,146,135,116,109,112,121,125,138,187,215,245,261,260,206,178,175,174,168,155,120,108,110,127,146,165,170,177,186,180,182,225,245,273,243,143,135,162,175,167,149,153,123,108,107,147,162,218,204,192,217,222,237,196,188,180,171,148,134,120,122,142,152,136,132,144,175,215,255,292,231,187,151,158,174,191,180,117,105,109,120,128,163,170,153,165,194,216,237,275,255,180,161,158,154,157,156,136,125,110,113,136,164,169,148,148,155,165,198,264,275,219,188,171,184,190,196,167,129,125,116,121,128,151,157,170,202,236,241,217,175,163,156,161,155,147,147,155,160,169,175,172,170,188,228,237,252,240,194,171,166,160,138,95,104,160,209,292,281,260,146,139,172,181,171,134,141,128,132,156,159,150,145,157,199,248,252,189,171,186,199,205,179,158,119,124,128,124,134,148,154,187,251,241,260,243,161,130,141,154,167,180,144,130,114,126,162,183,183,197,192,196,224,254,202,175,182,152,134,137,141,142,140,148,127,140,181,207,225,253,222,202,185,180,183,171,161,126,127,139,132,139,149,161,145,166,192,193,226,237,242,224,183,177,178,157,130,129,149,144,143,148,161,145,163,204,232,247,252,218,156,153,169,163,160,141,127,117,119,143,132,120,142,155,178,236,261,176,192,282,236,199,161,164,127,134,162,144,148,149,147,141,148,163,175,181,212,254,264,218,198,174,151,147,154,148,132,154,153,136,128,135,133,178,170,159,152,166,204,235,252,245,213,176,155,172,176,160,133,139,143,141,139,146,153,190,198,186,204,225,257,201,175,165,152,150,172,180,169,155,115,100,105,145,159,182,185,178,210,247,237,203,201,155,157,168,176,164,135,136,124,120,117,120,117,147,174,197,197,221,242,237,186,164,127,133,148,158,159,154,149,142,144,163,177,176,188,182,191,247,246,202,191,200,156,140,132,131,127,119,135,121,179,203,230,259,259,226,192,170,161,123,115,104,161,170,166,156,161,192,208,246,243,183,167,173,196,208,191,159,94,109,128,149,165,196,204,214,253,241,188,187,174,138,130,122,144,152,150,153,153,170,180,242,255,249,225,185,174,160,152,137,134,102,101,129,142,178,192,229,242,235,217,205,168,120,112,130,151,163,160,156,141,157,192,215,226,270,266,192,200,194,147,121,120,131,103,127,129,133,157,233,287,276,241,193,137,128,146,143,150,189,170,144,129,158,175,177,184,228,233,233,245,226,177,121,102,107,118,131,136,163,184,209,215,242,224,203,191,186,148,121,116,122,142,180,177,167,158,162,163,191,209,235,223,235,202,179,145,135,110,111,125,122,127,178,199,245,262,232,245,204,161,109,99,122,120,166,176,175,157,159,193,192,222,253,233,196,187,213,148,123,126,111,97,111,125,153,183,266,272,220,199,210,174,156,131,117,122,130,145,161,193,204,207,195,217,274,260,228,223,194,115,103,144,133,124,119,126,137,158,244,270,255,179,167,152,160,142,170,175,173,147,127,146,207,225,250,261,230,185,206,215,191,169,101,58,74,107,136,201,225,259,231,216,222,211,183,128,129,112,144,172,167,152,142,157,165,226,240,222,208,202,208
1,5,224,189,162,85,74,73,114,152,197,209,239,253,214,216,218,169,115,130,116,121,182,177,160,157,179,166,260,280,240,194,191,185,166,153,141,106,84,113,121,153,207,223,271,234,219,173,173,180,147,175,129,120,154,166,155,148,171,166,170,243,240,241,200,180,174,149,145,145,131,105,115,133,175,195,204,216,241,198,183,172,178,141,154,161,171,175,163,142,150,149,172,192,198,187,212,230,180,189,204,183,156,152,146,113,140,142,139,146,199,198,227,268,246,172,148,161,163,158,138,137,140,178,176,164,155,175,129,143,191,199,245,234,210,199,201,197,160,149,135,130,109,114,143,170,181,188,202,258,234,212,168,147,135,136,142,154,152,177,160,155,165,168,141,145,179,199,214,242,220,199,208,201,170,157,131,136,126,120,121,128,142,167,201,235,263,201,183,153,158,187,184,148,125,136,156,166,170,155,155,170,184,214,252,245,199,175,171,161,170,158,145,129,118,125,129,148,176,197,216,272,267,189,167,154,152,138,142,142,159,162,164,156,142,172,184,202,201,210,229,212,198,198,191,152,136,148,124,115,111,120,133,159,197,240,279,254,210,164,143,143,149,155,190,128,133,142,138,166,192,196,172,185,206,223,230,213,211,179,160,125,127,143,143,136,134,147,143,178,227,282,253,192,177,163,150,145,140,157,148,132,138,146,181,198,198,195,214,245,220,187,184,179,168,148,132,132,126,131,136,146,141,163,184,237,278,236,190,177,171,168,146,147,144,145,178,167,138,125,132,154,228,215,205,221,221,193,227,218,162,128,111,137,139,160,164,153,143,161,175,164,222,273,258,183,168,144,140,156,157,159,168,172,161,160,151,147,149,157,153,154,246,249,197,206,231,210,197,183,168,142,129,125,145,155,174,195,199,196,183,177,181,165,162,165,164,164,162,151,148,148,151,163,158,154,161,164,175,172,168,161,157,164,175,174,176,184,184,182,172,182,189,193,188,174,177,177,176,175,175,179,176,185,190,177,177,181,193,192,172,166,162,157,153,157,156,175,161,158,156,161,176,192,192,173,166,169,174,184,189,193,199,186,179,188,192,203,218,251,270,264,255,267,266,217,194,172,169,142,123,115,79,83,83,87,99,109,121,121,130,152,137,140,149,148,161,170,174,173,175,164,157,148,164,164,163,164,150,148,149,144,140,140,136,138,144,148,142,164,166,152,156,148,162,161,160,155,166,177,171,166,169,177,175,172,179,182,182,175,185,187,179,173,173,173,180,187,180,180,175,173,175,179,183,183,180,193,181,174,168,177,181,186,194,191,173,166,178,180,185,187,173,164,165,179,182,193,193,182,176,181,183,181,191,179,175,181,187,193,195,194,188,187,178,172,177,174,171,173,170,174,184,189,186,184,179,182,182,178,173,166,162,158,149,148,158,154,158,160,158,174,182,177,186,188,172,172,169,174,178,164,165,164,161,165,161,157,152,145,144,153,157,153,162,155,148,147,147,150,141,137,145,158,157,153,174,182,159,155,169,172,170,153,153,151,141,146,160,154,136,126,138,125,119,133,142,145,128,113,163,168,150,152,165,153,154,151,144,186,185,177,177,182,202,193,203,192,197,180,200,201,196,192,180,172,174,183,189,184,178,173,188,181,186,187,188,184,182,184,187,180,178,180,171,178,189,184,174,177,184,197,202,198,183,185,168,187,200,190,181,164,170,175,178,182,184,170,149,147,159,178,178,172,159,155,167,158,147,142,125,138,144,150,152,172,196,173,134,128,174,194,241,155,127,152,162,180,184,192,236,204,192,273,267,271,282,272,244,220,210,195,213,217,158,131,133,122,112,71,91,106,104,113,130,126,129,138,141,141,153,157,176,174,150,144,158,176,181,164,164,159,142,151,162,158,143,139,150,145,144,134,131,142,146,135,140,154,147,142,158,157,147,148,156,146,134,153,166,137,161,185,182,178,221,217,196,195,208,202,183,188,191,196,177,188,201,209,214,210,180,186,193,194,193,188,183,181,174,169,170,171,177,175,173,169,172,174,180,186,177,172,173,174,175,176,177,181,182,176,168,169,189,192,194,172,158,162,161,177,170,165,162,160,167,177,173,160,157,163,160,165,159,156,161,160,157,163,166,170,168,162,158,171,199,195,198,211,212,179,172,194,193,183,190,201,201,197,208,195,194,205,202,174,179,175,161,170,179,130,130,152,154,140,129,129,137,143,145,147,140,131,152,173,173,143,139,143,146,147,144,161,170,169,168,156,158,165,163,164,161
2,5,158,163,164,162,150,149,152,143,147,152,142,150,145,130,138,142,145,139,133,151,157,147,156,162,133,149,160,165,147,179,183,176,169,185,182,175,188,196,182,179,183,190,188,191,185,180,195,194,184,184,194,196,192,191,186,187,180,174,179,187,187,175,170,176,178,186,189,184,186,186,172,170,186,183,180,180,181,167,173,173,172,173,181,183,187,176,170,177,169,170,175,181,172,171,177,175,173,167,166,162,176,177,153,147,173,192,181,162,170,186,192,163,160,173,172,167,154,157,169,166,166,173,152,155,179,179,165,179,193,190,181,192,198,175,170,186,179,174,175,172,170,158,158,130,138,147,144,148,141,128,143,155,166,146,139,157,173,173,159,152,157,166,164,149,156,155,174,173,168,167,167,154,152,165,166,160,159,142,141,140,139,137,152,162,147,147,141,147,159,159,144,150,149,134,143,161,158,152,170,160,156,181,186,155,142,203,197,227,207,132,170,195,201,219,234,187,178,185,176,167,169,184,204,197,184,186,185,189,181,174,181,169,181,180,184,180,181,178,174,178,184,186,184,183,170,172,177,179,174,178,184,174,174,175,177,172,170,177,189,172,151,143,151,152,164,170,158,151,154,156,160,163,167,165,167,169,172,182,176,175,169,167,195,195,196,215,210,193,219,219,225,217,219,219,213,195,192,182,153,146,169,182,147,131,132,140,141,154,156,124,139,135,135,131,131,145,158,154,145,151,160,162,155,154,161,147,161,157,149,156,160,175,162,143,148,157,142,146,153,141,133,113,124,134,110,113,133,136,148,152,146,187,202,177,159,171,196,195,189,186,185,195,186,170,149,147,166,178,193,189,205,203,202,197,192,199,177,203,205,195,181,175,175,182,179,190,186,187,185,173,186,199,199,185,178,177,178,186,187,178,166,172,177,168,168,170,166,166,166,168,155,149,147,148,156,165,171,181,167,166,167,164,171,171,186,182,174,162,158,165,166,153,144,150,177,170,169,165,168,171,166,158,159,161,169,170,158,154,151,148,150,212,175,159,169,171,173,177,168,155,153,148,157,175,185,185,173,169,178,181,176,173,178,170,173,176,165,164,168,166,164,172,176,168,166,177,169,163,166,169,170,168,173,170,165,159,167,166,172,170,169,170,168,170,172,163,160,167,177,175,167,166,172,168,168,172,170,168,167,167,169,171,167,163,167,171,172,172,175,165,161,165,177,173,170,166,163,168,170,171,172,171,169,169,168,166,164,169,171,171,169,170,172,169,167,167,166,168,167,171,171,170,167,167,171,171,170,167,167,170,170,167,167,170,170,167,171,170,167,172,177,176,169,163,185,183,176,175,196,202,196,221,209,213,260,243,211,212,198,178,168,172,158,114,118,111,119,106,126,140,147,135,138,144,148,168,170,167,168,168,173,173,175,171,171,171,172,175,172,164,167,170,167,166,168,171,171,171,170,162,165,172,167,165,166,161,163,168,168,165,163,165,170,171,167,168,167,168,165,160,157,159,163,167,164,170,174,164,163,160,162,158,148,150,161,162,169,173,180,173,175,175,172,176,173,174,173,178,179,193,199,201,182,170,184,185,174,172,181,174,161,161,173,173,165,173,192,193,182,180,196,176,162,183,190,170,158,174,181,174,167,201,186,164,162,189,180,172,148,153,180,166,145,152,184,168,155,162,199,195,174,167,178,191,180,146,139,144,152,153,148,158,177,178,173,185,183,160,156,148,179,179,166,170,174,176,173,158,150,164,179,175,161,157,153,153,157,163,163,163,156,165,157,141,141,152,157,158,167,171,157,170,198,221,220,227,220,197,163,153,150,175,180,156,173,182,189,185,189,177,176,180,177,179,182,167,147,148,172,178,167,164,166,169,174,171,173,176,179,180,168,161,161,168,180,173,170,170,166,164,176,179,169,168,170,169,175,174,165,161,164,169,177,183,177,161,159,161,167,172,176,174,163,166,169,180,187,175,166,162,167,166,170,170,166,167,170,176,176,173,176,170,167,169,171,166,170,171,167,162,169,186,179,171,187,185,174,185,189,173,175,193,206,195,174,172,164,147,148,157,173,178,170,163,186,181,163,158,163,171,174,179,185,181,175,175,165,164,186,175,161,178,166,163,172,176,143,145,196,195,163,201,193,163,169,186,169,163,195,193,151,147,205,177,158,161,197,194,141,144,156,166,157,138,151,190,176,152,193,201,195,190,143,142,179,185,174,172,180,178,162,155,158,158,167,164,170,174,173,153,166,185,184,168,141,154,192,175,170
3,5,163,159,171,183,172,165,162,172,164,157,160,170,168,175,175,165,163,164,176,169,182,185,181,177,169,169,177,173,164,166,175,176,162,161,173,176,170,173,173,167,165,169,172,172,168,169,162,183,180,171,170,162,166,163,181,173,175,167,166,162,161,170,173,180,173,171,165,166,168,167,170,175,169,168,169,168,173,174,172,169,168,170,171,169,169,169,174,175,171,171,169,169,173,164,167,164,177,178,172,169,172,166,162,172,171,169,171,176,177,176,182,184,167,169,178,168,169,174,180,174,157,163,172,178,170,169,180,188,177,170,153,165,179,164,149,185,188,162,159,150,147,154,169,178,157,149,169,181,178,175,176,175,176,164,165,167,177,157,141,180,183,150,190,198,160,165,218,159,145,210,222,169,140,158,193,193,128,135,221,197,168,166,192,196,180,184,172,161,183,175,157,150,170,168,159,155,173,184,172,173,167,121,107,176,214,195,162,157,160,168,164,145,173,215,210,140,132,162,173,182,174,157,146,171,185,172,166,172,158,159,160,165,186,195,187,175,176,166,173,171,159,162,173,178,192,140,154,177,175,166,170,174,170,168,167,173,176,168,166,171,176,170,164,166,166,159,173,177,170,163,162,174,164,166,168,170,172,169,167,171,169,176,171,165,167,169,171,171,170,170,170,169,169,166,168,169,169,170,170,169,169,166,170,168,172,172,170,168,168,169,171,170,168,167,169,169,168,172,177,176,165,168,168,171,173,163,180,177,172,174,167,167,165,165,168,185,184,169,153,162,173,172,175,175,173,171,167,154,161,176,173,167,167,162,173,204,208,192,182,162,200,205,153,145,163,179,174,146,146,163,165,155,135,146,185,178,137,156,177,193,177,160,162,157,157,158,164,174,178,177,188,193,176,179,219,203,163,175,207,166,157,212,196,142,194,237,177,140,140,214,198,157,152,188,191,156,151,177,190,158,156,180,169,156,165,173,148,126,163,176,177,185,189,176,170,173,179,172,164,173,188,183,145,134,137,150,174,205,179,146,124,139,174,172,177,181,182,176,156,146,136,148,184,208,171,148,157,166,204,200,92,130,188,173,194,168,155,166,167,181,170,156,176,178,176,182,174,168,178,176,172,169,162,166,178,175,173,173,176,171,167,171,169,167,165,171,172,171,169,165,166,169,171,172,174,174,168,168,167,170,171,174,171,167,170,170,169,168,170,172,171,171,169,169,165,167,173,173,171,172,167,170,173,171,168,172,165,164,173,174,173,167,165,170,170,178,178,171,176,167,163,169,170,170,170,160,161,164,177,180,177,171,150,185,188,177,171,161,160,164,158,168,179,163,152,177,177,156,161,176,177,172,182,177,152,153,167,198,211,170,154,146,171,164,156,150,160,173,169,173,169,172,178,180,172,172,188,176,165,200,183,193,202,180,199,215,185,164,158,187,162,133,159,199,180,165,151,167,178,151,148,192,179,160,153,188,191,177,153,160,181,173,169,181,167,157,166,168,176,168,176,179,150,158,166,172,172,165,147,154,175,174,166,161,164,167,160,149,181,187,170,174,168,144,160,184,175,178,169,154,178,183,220,199,125,148,169,177,194,159,143,159,178,175,159,149,156,177,201,198,180,165,167,168,173,176,170,168,169,170,169,172,168,166,171,169,167,171,169,172,172,169,167,170,171,171,180,171,161,167,160,157,165,167,166,172,171,162,169,177,178,175,182,150,178,186,168,165,168,169,169,175,168,166,170,174,171,168,168,170,171,172,169,168,168,171,171,169,167,173,171,169,168,170,168,172,172,168,169,170,170,172,171,168,168,170,172,169,169,168,166,167,173,176,175,170,170,167,164,164,170,172,170,169,167,170,170,166,164,169,166,167,167,168,169,169,170,170,167,168,168,170,170,172,173,169,167,167,168,170,168,171,169,169,169,170,167,168,170,170,168,168,170,169,162,167,169,168,170,167,168,172,169,165,169,167,167,168,168,167,164,171,164,164,170,176,168,168,170,173,172,164,165,169,173,173,168,167,172,170,166,167,172,168,167,170,171,169,166,168,171,169,167,167,168,171,170,170,167,169,169,171,169,171,168,170,165,173,180,203,179,182,208,222,262,209,191,168,162,162,166,155,139,143,150,140,131,130,139,136,141,152,157,164,167,177,176,157,155,147,158,171,163,165,168,182,186,167,163,165,166,169,185,189,154,141,145,171,196,174,164,160,151,164,169,168,161,161,174,166,176,186,180,179,181,154,148,166,164,166,175,152,146,156,154,153,161,156,155
4,5,166,165,173,188,183,189,179,169,154,164,160,155,156,166,139,148,177,186,162,173,176,177,179,173,175,175,128,140,156,159,166,167,168,166,174,171,177,186,195,185,157,160,171,173,162,167,176,175,182,187,191,194,189,190,183,176,172,176,180,180,171,165,174,167,168,169,170,162,152,148,147,156,174,163,150,165,163,161,164,163,162,172,196,185,159,160,171,169,167,159,157,158,175,183,174,173,172,176,181,171,169,185,196,191,168,177,193,197,191,179,180,188,195,188,175,179,190,186,171,176,178,176,174,160,143,155,172,167,160,162,162,152,156,161,158,154,154,172,180,175,175,183,178,171,169,173,180,182,178,184,175,162,160,167,165,167,169,171,172,172,174,169,165,168,169,173,172,167,168,172,172,171,170,167,168,171,168,167,169,171,174,172,168,170,168,171,175,173,169,166,161,162,168,170,170,168,168,178,178,177,175,174,200,206,213,207,191,182,174,171,176,178,193,192,179,185,173,193,174,157,156,150,131,134,125,123,132,136,136,144,165,186,188,186,191,196,182,172,169,169,165,160,161,185,189,183,177,178,183,177,158,158,168,174,173,172,166,164,153,148,159,169,170,175,178,164,159,173,190,178,160,186,186,172,167,181,188,191,173,161,167,167,165,154,155,163,158,166,173,182,166,159,159,156,156,167,168,159,179,202,200,191,192,195,193,204,211,208,195,166,177,184,171,168,185,176,172,156,157,165,166,179,186,186,169,164,164,171,176,177,173,164,175,174,168,165,166,169,172,173,171,170,167,167,174,169,174,176,168,163,165,175,173,171,168,170,170,171,170,171,171,168,168,173,174,172,162,168,168,166,170,173,172,169,170,164,167,170,170,170,168,168,168,169,172,171,172,168,163,164,173,173,171,165,167,169,171,171,173,168,170,170,179,180,177,195,202,193,200,200,217,203,192,186,188,174,181,172,161,147,153,153,142,135,137,132,139,149,158,173,179,178,159,161,168,168,171,163,165,166,174,182,171,163,156,159,177,183,177,178,183,178,176,182,166,162,162,165,171,175,170,160,165,177,169,170,167,169,175,179,174,175,178,163,170,180,185,173,147,150,166,161,152,161,173,171,181,177,163,163,163,164,163,178,172,177,201,190,173,180,189,191,215,201,202,185,174,157,171,177,166,155,169,178,170,154,155,163,180,186,191,190,177,168,167,176,172,170,171,169,168,171,175,170,160,161,163,175,177,182,178,170,168,167,163,172,176,174,168,171,173,172,168,168,173,169,166,169,167,173,175,173,169,167,165,168,169,166,164,171,173,171,166,169,171,173,169,169,170,171,167,171,171,170,168,168,172,174,173,171,171,169,170,171,172,172,169,168,165,168,177,172,169,170,172,173,173,175,183,179,178,181,180,178,171,171,172,169,178,178,177,172,192,179,172,170,172,186,166,156,170,172,172,161,162,157,154,146,153,155,161,158,170,176,169,166,163,171,170,174,179,184,187,182,154,159,170,179,178,169,165,161,171,166,148,158,168,175,167,172,174,183,175,167,173,175,190,179,171,175,180,169,172,174,149,162,173,166,161,174,177,185,184,183,195,197,183,180,199,204,198,190,191,187,176,174,171,167,184,180,183,177,171,151,146,170,165,164,200,193,157,171,169,163,163,154,171,179,182,181,167,161,161,170,179,177,174,172,170,169,179,174,168,167,168,174,170,166,171,172,171,175,168,165,169,174,174,169,170,172,169,168,168,170,173,170,171,169,169,167,168,170,173,175,170,168,162,169,169,173,176,170,168,167,167,170,170,171,169,168,166,170,171,173,171,167,163,166,169,168,168,170,169,172,170,167,168,169,170,169,174,172,168,167,170,170,166,169,171,185,178,170,168,168,177,189,185,183,177,187,189,186,190,192,185,178,181,186,174,177,182,163,167,161,145,137,147,143,138,138,154,156,163,177,172,168,170,171,173,168,169,171,171,158,159,163,167,173,166,165,172,179,177,171,168,167,161,161,168,172,186,192,174,175,181,168,157,171,181,171,154,156,167,178,171,161,159,151,156,176,184,185,180,176,200,191,176,186,187,188,197,194,197,203,208,200,199,187,173,162,156,162,161,148,154,161,158,156,159,178,178,185,175,174,168,173,192,190,162,166,162,165,166,176,176,169,161,162,174,177,182,170,168,161,159,172,174,178,171,169,152,158,180,179,177,169,171,158,166,175,171,171,170,171,168,169,171,168,171,176,166,165,165,170,170,169,170,171,171,173,169,167,170,174,171,171,173,175,173
5,5,171,174,178,176,175,179,178,185,196,194,201,211,188,165,161,184,204,151,188,195,174,163,147,151,140,138,152,153,141,151,172,168,166,159,154,169,176,185,189,193,182,180,171,157,159,176,180,178,179,177,168,171,180,175,176,182,184,167,163,166,169,168,154,161,168,163,153,163,165,162,161,152,155,170,160,182,199,192,167,191,202,194,185,183,198,206,202,202,210,197,186,185,179,171,178,177,158,153,164,172,160,166,181,179,167,169,170,170,171,172,161,172,174,176,174,172,175,172,168,168,173,174,171,166,167,167,172,170,171,171,171,168,168,170,167,169,173,172,172,170,170,167,171,173,171,174,174,169,164,161,175,174,176,171,168,158,162,172,172,170,167,166,172,176,170,167,166,169,171,169,170,168,169,167,170,170,171,177,172,168,168,170,165,164,153,148,161,159,157,161,155,166,161,163,166,167,175,182,208,198,193,180,181,186,176,167,167,166,175,181,170,170,169,170,170,178,175,174,172,172,170,174,174,167,166,162,168,170,170,176,182,169,166,167,165,165,178,224,189,169,171,179,186,181,173,154,142,132,132,141,143,145,143,151,168,267,290,205,163,138,163,171,200,195,178,170,168,177,173,168,154,149,152,161,175,188,189,179,171,168,167,169,164,170,177,175,176,167,182,169,169,181,157,151,159,162,174,197,199,179,169,165,165,176,189,196,188,177,160,174,187,200,201,185,187,208,214,201,190,218,221,196,189,194,195,205,196,195,200,196,179,188,186,174,181,207,193,188,185,178,153,142,137,114,111,115,115,118,124,127,123,117,127,380,447,93,105,182,177,177,158,163,175,166,162,167,161,165,173,167,169,169,166,168,169,165,167,167,159,154,168,170,174,174,164,169,171,166,163,164,169,167,165,167,167,169,163,168,175,167,161,161,170,167,162,162,165,171,168,165,165,160,164,162,165,165,166,170,168,167,170,168,166,161,162,161,164,159,155,153,149,129,123,143,132,121,135,142,131,114,123,140,123,134,153,162,159,155,159,184,194,164,189,243,228,220,255,253,286,252,207,194,210,209,202,181,175,183,190,189,175,170,174,171,172,167,176,178,176,171,164,171,183,182,188,217,241,235,238,247,249,236,224,230,228,216,208,202,201,195,168,170,176,165,150,153,139,132,134,122,112,108,110,115,134,131,136,145,145,147,148,154,159,157,165,171,173,180,188,186,185,173,163,244,83,181,154,156,162,153,160,169,171,164,176,178,165,170,166,157,154,158,160,154,156,162,153,153,154,154,150,142,140,143,138,131,135,145,127,118,141,152,147,159,168,169,173,179,177,194,183,173,172,190,189,170,175,222,232,228,224,222,203,190,191,206,192,194,184,179,182,177,175,175,177,172,167,169,169,173,176,176,169,170,166,171,173,179,177,173,177,192,217,226,242,255,271,251,242,254,251,224,217,214,204,198,180,155,131,122,116,100,105,101,117,118,124,127,134,131,137,149,134,144,132,135,133,355,233,116,203,169,144,158,168,170,167,151,153,155,168,170,167,148,151,141,145,143,148,148,133,125,125,114,115,126,154,147,150,149,159,191,185,182,198,224,220,246,253,237,233,240,232,210,195,179,172,184,176,174,174,183,166,154,151,146,148,160,165,161,157,162,159,163,172,176,180,179,172,177,182,184,207,217,214,192,203,242,250,250,247,247,227,220,208,213,194,184,174,166,167,159,165,164,152,149,156,150,134,119,127,119,118,122,90,106,364,114,149,139,144,168,162,169,166,174,185,177,166,168,160,163,165,162,151,155,147,146,157,158,148,154,153,138,145,142,132,136,142,132,138,152,152,153,162,165,172,176,160,159,162,171,178,179,197,214,224,218,210,210,221,221,199,189,198,196,195,186,183,183,181,180,177,172,169,171,172,178,187,205,192,178,170,175,208,240,239,215,200,186,195,191,195,190,184,186,177,180,178,165,161,158,153,144,142,138,132,143,146,132,134,168,110,80,427,153,123,123,160,159,169,165,166,170,181,177,164,171,167,158,164,168,167,156,154,151,138,142,149,135,132,155,156,134,153,163,137,128,158,162,153,160,163,159,150,162,184,191,204,205,205,184,187,206,207,190,179,186,200,192,179,175,171,169,173,179,179,199,193,188,183,186,197,194,191,189,193,206,210,208,207,208,201,198,207,207,201,190,190,193,180,176,177,179,171,165,158,154,154,134,128,126,135,135,138,146,159,129,130,116,479,161,170,109,154,167,172,160,174,184,187,191,167,173,162,151,163,168,156
6,5,153,154,155,158,142,148,150,156,164,146,141,154,158,153,166,156,150,156,165,153,144,140,142,151,157,154,154,157,177,209,219,212,223,227,226,217,210,227,226,217,211,213,216,226,229,231,239,237,228,219,215,197,194,186,198,204,205,202,185,175,167,151,141,114,118,113,110,99,130,136,116,380,274,128,145,171,183,187,182,182,183,168,168,157,158,167,159,162,171,172,157,163,166,156,165,157,159,150,154,152,153,151,169,149,149,150,150,151,170,166,149,149,138,130,130,154,160,156,151,153,170,177,192,189,204,214,209,200,200,198,203,206,203,203,203,201,203,208,208,211,211,216,214,219,231,233,231,223,220,213,211,208,199,198,190,180,160,122,107,129,120,95,114,336,152,119,165,175,151,173,171,158,163,160,165,162,165,175,170,161,164,169,168,160,160,152,161,158,149,146,152,135,136,136,144,143,128,120,114,118,120,126,126,154,170,193,198,215,239,245,248,245,237,216,211,205,200,191,148,134,136,143,166,186,186,206,223,228,230,240,238,237,227,231,222,213,214,203,200,194,188,186,172,158,154,152,143,145,140,119,124,119,123,121,127,131,140,153,156,159,142,404,153,134,222,189,173,165,163,177,174,154,156,159,143,144,170,166,158,160,161,144,142,162,145,149,157,160,158,154,141,136,141,136,133,136,145,143,124,144,169,161,147,173,185,206,195,200,194,202,194,215,232,226,218,220,206,195,182,181,180,181,182,175,167,180,197,203,175,154,134,136,170,184,173,149,149,155,170,181,180,177,168,171,175,183,186,185,179,171,165,168,171,172,170,172,172,173,168,171,171,168,168,167,174,175,176,167,163,168,171,172,172,169,169,172,173,174,174,165,162,166,173,174,171,171,169,169,170,170,170,169,172,172,169,172,172,173,173,172,172,163,164,166,172,171,175,176,170,167,168,168,169,171,170,168,173,173,171,168,169,167,164,168,170,174,171,171,170,170,173,172,171,164,162,168,171,173,168,167,169,173,174,182,184,180,178,167,166,166,169,170,172,165,164,163,164,164,164,165,174,174,175,175,174,173,173,169,170,168,166,166,172,172,170,162,159,164,165,175,175,175,163,162,166,171,181,176,171,159,163,171,180,180,177,171,164,169,171,179,180,174,163,162,164,167,172,172,169,163,167,172,173,177,176,168,166,165,167,169,167,166,169,174,168,170,175,174,167,168,174,178,170,168,168,172,180,173,175,176,165,163,165,170,174,176,173,166,160,166,177,180,162,166,168,173,177,174,165,159,164,168,178,175,172,170,168,170,166,168,171,167,162,165,166,163,162,171,173,176,171,166,163,170,174,185,184,180,176,168,167,164,163,165,160,172,172,178,177,167,174,176,174,174,174,170,164,169,174,168,165,164,164,166,175,181,174,151,157,177,182,202,194,163,138,156,196,206,193,155,148,147,167,193,181,167,153,148,163,181,186,178,169,158,158,164,179,177,171,171,163,168,163,160,167,172,169,160,157,164,174,176,167,164,163,166,191,192,176,169,167,169,177,181,177,157,151,163,177,186,185,180,158,157,161,175,183,173,166,172,169,172,173,172,166,161,165,173,179,174,171,158,156,161,183,190,185,170,158,157,176,196,193,183,167,159,165,169,174,165,162,169,167,170,173,168,176,157,161,164,179,192,185,181,151,156,152,164,167,169,171,155,165,151,163,160,171,175,189,191,182,167,172,186,197,191,155,149,143,160,185,180,184,183,174,142,170,193,183,171,153,170,172,173,180,179,172,169,161,167,159,175,189,179,163,157,167,169,206,192,169,156,152,169,179,207,204,172,153,156,162,160,193,178,173,159,156,160,155,173,180,177,174,169,175,150,153,177,182,182,166,158,125,140,193,190,185,150,151,144,167,216,203,172,143,150,163,224,225,187,157,146,158,165,199,193,177,153,165,159,162,185,175,174,165,175,163,165,172,164,168,179,182,181,139,139,164,197,210,197,172,130,133,161,223,211,182,157,156,158,168,184,173,168,157,167,160,170,193,189,168,162,160,147,157,187,193,183,170,161,141,150,188,182,174,153,153,144,180,200,179,179,163,176,169,173,174,192,184,174,150,151,148,172,191,185,171,166,168,159,185,190,174,164,168,172,166,162,173,179,170,181,176,162,162,171,177,176,173,186,165,140,142,145,252,263,209,127,112,129,160,214,163,146,145,160,178,192,195,163,164,174,176,159,171,176,173,161,161,154,145,196,174,161,165,173,166,152,170,171,172,202,187,172,168,164,180,192,195
7,5,167,156,153,173,185,186,145,158,170,169,171,185,175,159,169,173,160,160,182,164,162,174,184,175,179,172,153,165,179,199,193,151,137,143,183,219,224,196,143,122,136,197,212,185,163,149,158,185,207,192,159,146,158,161,188,191,161,157,157,157,154,182,180,190,157,149,145,159,199,194,146,137,176,198,223,171,150,141,208,212,193,171,153,157,174,177,182,186,174,155,165,163,169,183,189,162,146,160,158,195,192,180,142,131,157,193,211,159,147,153,176,195,209,198,148,141,161,212,200,183,160,138,160,188,195,199,156,147,160,176,192,191,171,169,153,155,169,177,182,163,162,138,150,165,170,168,159,160,137,167,175,217,228,181,179,155,187,189,185,166,155,154,158,189,180,184,162,162,172,161,189,162,161,160,167,180,181,195,147,144,155,174,203,187,183,149,135,145,182,192,191,193,175,162,161,165,173,170,164,163,173,177,165,165,162,166,168,177,185,176,169,165,164,168,168,181,174,166,160,164,154,159,153,156,161,172,187,184,180,162,161,169,187,185,177,163,162,173,181,179,178,157,156,162,188,193,183,155,151,170,185,194,191,160,131,139,174,187,192,167,159,156,168,193,185,173,153,153,166,174,186,160,155,167,176,186,186,175,160,161,169,178,178,170,160,157,170,177,183,181,168,158,158,170,181,184,177,162,157,153,163,170,170,170,169,167,162,166,165,174,176,176,170,160,164,174,184,181,160,151,160,168,193,190,178,154,157,166,174,187,165,159,158,163,180,189,185,162,165,169,173,177,166,165,160,164,166,186,183,169,167,168,170,166,170,177,171,169,171,167,168,168,172,176,159,160,171,190,198,173,164,146,154,178,200,201,159,151,153,177,181,192,191,157,147,150,174,180,183,171,159,150,149,164,173,175,171,174,158,149,162,178,185,192,182,157,156,162,180,184,178,168,161,166,170,176,174,168,174,177,176,171,156,160,169,196,203,179,146,141,163,169,197,184,168,143,140,176,183,180,182,156,162,166,194,188,178,156,134,150,183,200,191,178,148,148,173,184,184,173,158,164,178,187,175,167,168,172,171,174,174,168,171,169,156,156,167,182,197,179,156,135,155,183,189,199,162,144,141,174,180,178,194,181,167,153,159,163,176,191,184,163,145,145,184,196,199,189,147,146,157,188,188,172,161,160,174,176,179,171,164,152,162,178,176,170,173,175,175,177,166,157,156,176,183,187,181,155,156,166,189,187,172,155,150,175,179,179,168,164,166,165,175,171,171,179,180,170,162,152,163,168,188,194,181,165,149,150,153,162,177,175,172,167,173,166,163,177,178,181,182,164,156,157,173,180,180,173,163,166,171,181,170,162,167,170,184,168,160,159,161,173,175,190,177,164,157,167,168,170,163,170,179,181,171,157,162,168,185,192,177,156,141,158,181,188,197,176,154,153,176,185,175,180,178,168,155,155,162,158,187,178,173,158,162,171,154,172,173,174,161,160,163,149,145,162,187,204,191,175,153,150,161,184,184,179,171,164,164,167,170,173,178,188,183,167,161,159,170,180,174,162,159,163,188,188,181,151,152,162,172,166,179,174,172,181,177,164,164,153,174,176,189,184,154,158,157,194,188,185,170,160,177,176,180,167,152,154,175,188,189,172,158,163,172,169,157,165,151,167,167,172,170,165,176,166,179,171,154,168,175,195,187,152,144,157,200,210,189,163,140,160,176,189,188,157,173,183,199,193,157,142,148,177,182,198,195,163,140,133,178,188,187,186,164,153,157,179,181,167,156,157,172,187,186,179,169,157,157,167,169,166,171,171,172,178,176,174,166,163,172,176,175,170,168,166,168,176,177,178,170,169,160,158,165,166,163,163,162,170,170,172,168,168,170,163,166,178,176,176,177,170,167,162,160,165,178,179,179,166,159,155,161,177,180,180,163,172,174,172,175,165,161,164,170,171,168,169,171,171,174,179,175,171,165,167,171,167,171,169,168,170,175,158,157,160,182,189,188,178,144,146,176,199,197,169,152,149,170,179,174,173,162,168,171,170,166,160,173,175,174,171,162,163,163,171,174,173,171,164,168,172,173,174,170,164,165,175,174,176,174,168,165,167,175,173,173,169,167,164,173,176,176,173,166,164,164,160,168,171,174,173,168,168,169,168,170,170,169,175,176,170,166,165,170,169,165,164,167,173,174,172,172,165,168,168,171,176,180,181,177,166,163,167,166,166,169,167,174,170,172,172,171,171,172,169,163,165,170,174,172,171,167,160,164,166,176,179,188
8,5,183,169,165,161,165,162,169,172,173,173,167,165,163,167,172,174,173,173,171,172,171,170,169,168,165,167,166,174,173,168,172,171,168,166,163,172,174,175,167,171,169,170,171,168,168,173,176,172,170,171,168,170,174,177,175,166,161,160,175,180,180,173,165,162,160,161,164,173,173,175,175,175,167,168,171,167,170,169,170,169,166,161,163,161,178,181,178,178,170,162,162,164,165,167,177,176,176,172,171,167,164,175,176,169,161,161,164,163,168,169,173,168,175,174,169,169,166,172,174,171,167,164,164,172,171,176,175,174,167,169,168,169,172,175,172,167,165,165,167,175,176,178,174,165,163,172,178,176,164,167,170,169,168,171,172,171,174,177,168,167,164,170,172,174,171,163,159,164,175,186,170,173,158,164,174,179,191,168,160,158,177,180,176,172,167,160,162,168,172,166,169,173,175,174,165,166,164,167,172,175,171,169,171,171,168,168,162,171,173,174,171,172,167,166,168,175,171,173,172,170,172,168,170,167,168,168,172,170,166,172,173,170,168,167,173,173,169,172,171,167,165,169,175,175,168,165,163,169,172,177,176,163,165,159,173,176,175,175,166,167,170,167,175,172,170,171,171,170,168,168,174,168,167,173,175,171,166,166,167,170,173,173,171,169,168,167,173,172,174,172,172,172,176,182,172,171,160,158,156,163,173,172,169,170,167,170,170,170,170,172,174,174,169,167,167,165,165,168,170,173,171,168,163,164,167,171,170,170,172,163,170,170,171,172,175,171,173,173,172,175,177,173,165,165,169,170,171,170,167,165,166,169,174,171,172,172,168,170,174,171,168,161,161,177,178,175,166,166,170,172,172,168,167,169,168,169,175,174,171,167,171,169,164,169,168,173,169,168,164,165,168,170,170,166,163,165,171,173,173,176,170,170,173,174,172,168,167,163,171,179,185,181,170,163,162,175,174,175,171,171,169,168,175,175,170,170,168,170,165,163,168,168,171,176,179,168,168,162,162,174,180,181,169,167,162,168,170,174,177,167,165,168,170,172,168,164,170,170,172,170,173,173,173,171,169,169,166,168,174,176,173,170,163,165,167,169,176,172,169,167,167,165,169,170,173,173,170,169,168,170,170,167,166,170,169,169,172,172,165,164,170,174,166,165,169,170,173,172,170,172,176,171,167,166,167,172,171,170,170,167,167,173,171,168,165,164,169,171,178,176,171,171,170,174,173,174,175,170,166,170,170,169,165,170,176,174,175,170,165,165,170,179,172,170,163,164,173,172,172,168,172,174,172,167,165,163,163,170,171,178,173,172,172,173,170,170,166,163,166,168,172,172,172,171,168,158,158,164,170,178,179,178,176,174,173,176,170,169,162,164,165,178,177,176,163,161,161,164,175,171,170,172,172,179,177,175,166,164,165,167,171,173,167,167,167,166,169,171,165,163,168,175,175,171,170,170,170,172,172,169,168,165,166,164,164,170,169,171,169,167,177,177,174,165,163,165,167,180,170,167,172,177,174,170,162,171,172,181,179,166,157,158,163,168,171,185,182,169,165,167,165,166,172,175,171,171,168,169,168,168,167,165,165,165,174,175,177,166,160,159,169,163,182,179,177,170,171,173,170,165,174,179,170,160,161,162,168,175,174,168,165,174,169,164,173,170,170,168,173,170,171,169,170,171,165,168,165,165,172,181,182,168,164,161,168,173,171,174,175,175,170,167,165,168,165,171,169,172,171,173,171,167,165,167,176,165,172,171,167,170,172,179,170,166,165,169,172,169,177,171,168,171,174,174,174,160,158,174,178,171,169,165,167,168,167,172,166,168,170,173,177,171,165,168,173,169,170,169,170,165,165,164,171,175,168,167,166,176,183,181,179,167,167,168,166,167,167,174,171,171,167,168,169,167,170,172,163,161,170,176,175,169,173,177,173,171,164,167,170,171,166,163,162,169,165,174,168,165,162,168,166,162,167,177,176,175,175,177,169,170,170,171,170,173,176,170,163,166,167,178,172,170,177,169,170,172,171,165,166,167,174,166,173,168,172,174,179,182,167,164,165,168,168,168,176,170,164,159,167,173,171,169,171,171,165,167,165,169,173,172,173,171,166,173,172,172,172,170,173,173,174,167,163,160,172,176,177,173,164,157,160,167,172,173,167,167,171,171,180,173,167,164,162,170,177,178,172,166,162,170,174,170,170,175,171,168,172,165,172,165,164,173,172,173,175,170,167,166,169,173,173,173,174,172,167,162,177,174,170,166,171,173,174,182,176,170,161,162,161
9,5,167,171,171,174,175,172,168,171,167,162,159,165,171,177,180,175,164,165,168,171,172,163,162,170,170,176,172,171,170,167,164,164,169,171,178,179,173,170,166,168,173,176,173,170,168,170,166,159,160,162,169,171,170,169,169,175,176,178,172,171,169,172,171,175,176,169,163,162,166,167,170,170,170,169,172,168,167,167,167,168,167,168,170,173,174,158,163,171,179,175,163,166,165,165,178,181,179,163,156,159,165,189,191,192,170,158,150,164,175,179,182,172,165,163,165,169,171,175,175,170,166,166,162,179,172,170,162,161,168,167,172,176,172,175,168,165,162,156,180,177,173,170,172,169,165,168,172,173,182,178,165,158,162,166,167,173,177,179,166,166,162,176,177,172,174,160,166,165,183,182,167,167,166,169,171,162,160,168,176,184,176,170,168,162,165,167,170,168,169,169,168,171,171,171,178,173,170,170,164,174,171,171,167,170,173,172,170,162,162,171,175,175,173,165,160,161,169,180,175,169,166,170,169,170,170,173,170,168,169,169,172,171,169,167,170,172,175,170,169,173,173,165,162,159,161,167,177,179,178,170,169,167,170,179,179,176,171,169,160,162,160,167,170,177,174,169,163,168,172,175,163,162,170,178,179,172,172,175,167,161,158,165,169,174,171,163,167,173,171,167,168,169,172,176,178,168,162,161,172,173,178,176,175,169,166,162,164,171,176,175,176,169,167,168,168,176,171,167,172,167,168,167,174,170,162,169,170,177,177,171,170,165,172,174,169,169,164,174,176,176,182,166,165,165,169,172,173,175,173,165,164,166,168,177,169,171,170,166,171,169,173,166,165,175,165,166,168,171,178,168,170,171,166,168,165,173,180,174,177,176,165,168,164,175,176,170,169,169,164,162,163,184,184,169,167,165,166,165,171,167,162,179,178,181,182,158,158,166,169,183,171,156,162,176,189,190,185,152,139,153,170,179,182,172,164,170,174,170,164,166,170,170,171,171,172,172,172,166,161,166,171,171,172,168,168,170,177,172,169,167,171,174,170,166,166,164,164,170,172,172,169,166,167,169,172,177,175,175,175,172,167,165,165,171,170,172,176,175,173,169,170,175,176,177,177,179,178,179,180,178,140,178,184,172,169,172,164,162,166,162,162,155,170,171,173,172,161,158,167,170,172,160,155,152,157,163,165,164,169,170,174,166,166,172,175,167,172,171,174,171,160,160,178,175,170,171,171,163,166,161,169,180,196,194,171,163,161,164,178,184,174,166,170,174,167,170,171,168,169,172,169,167,164,168,169,174,170,167,170,168,163,161,162,162,164,165,164,169,174,172,167,163,162,168,177,175,166,166,174,173,168,175,176,175,175,175,173,167,167,168,170,176,173,165,169,178,184,174,164,171,178,176,171,178,181,173,184,185,153,145,135,140,149,172,182,174,164,163,174,201,170,161,162,166,168,184,173,166,163,169,178,183,175,164,163,165,166,168,185,188,171,171,174,174,180,172,163,162,174,178,174,176,176,183,189,182,174,170,170,165,173,174,174,166,162,169,167,169,170,174,166,170,171,177,182,183,179,175,177,167,167,169,169,174,172,168,165,164,163,170,178,175,169,170,164,172,177,186,180,166,164,166,169,172,170,171,170,169,162,169,171,171,168,173,171,170,169,168,168,168,174,176,170,166,167,170,166,168,171,168,172,170,169,168,168,169,168,168,170,171,166,166,170,171,168,169,167,167,170,172,172,171,170,169,167,168,173,169,172,169,171,171,168,162,163,166,166,171,169,164,164,170,181,180,180,145,147,181,192,178,173,172,166,168,186,180,173,167,167,180,174,165,187,186,168,165,173,194,181,154,153,153,147,133,151,159,151,153,147,176,176,178,170,166,167,178,164,155,154,149,158,185,182,173,168,166,189,189,175,182,181,178,181,181,169,164,165,173,174,183,172,159,159,163,185,197,180,175,167,164,186,206,208,170,153,153,159,160,154,145,142,145,144,141,145,153,161,169,165,163,160,161,167,172,178,187,192,193,176,175,175,168,169,173,173,169,165,164,169,184,194,186,173,163,160,169,188,189,180,167,162,161,194,204,191,174,173,156,164,186,186,179,163,156,122,122,126,143,154,161,148,145,147,155,172,202,191,176,168,167,168,172,180,182,179,161,185,189,190,179,158,141,148,157,189,189,184,175,159,181,184,181,180,163,172,180,168,160,169,175,172,169,165,166,183,179,166,158,154,149,170,164,164,161,156,151,159,159,172,177,191,183,179,166,157,145,153,148,177
10,5,172,159,158,161,176,179,178,170,157,157,161,184,183,172,165,162,163,167,184,171,171,167,168,175,177,178,176,171,154,154,169,188,194,181,180,172,170,173,173,169,165,154,175,182,174,160,147,138,170,183,194,178,156,146,143,146,153,167,149,149,150,156,181,193,169,164,169,185,185,167,167,161,159,176,183,183,174,160,170,186,157,139,181,209,198,143,129,143,191,213,180,173,163,159,170,189,189,177,168,142,149,188,206,189,160,125,103,192,208,206,197,142,170,169,172,170,160,164,116,116,130,182,192,193,160,159,177,188,167,182,190,165,165,161,178,189,156,151,175,168,185,167,161,170,172,148,193,197,183,182,162,148,148,171,186,186,182,178,170,160,166,177,182,172,168,171,169,179,188,178,170,165,158,162,163,173,175,154,151,153,158,154,187,154,152,160,163,173,187,166,157,153,156,167,195,179,169,158,145,173,196,195,158,160,146,159,181,187,169,154,154,165,198,191,167,162,163,168,177,183,171,160,155,166,185,177,182,179,173,168,159,167,194,199,184,163,136,153,174,179,189,182,144,131,154,160,158,157,170,150,159,161,168,192,197,182,164,163,151,162,177,184,180,167,159,160,192,187,173,176,149,150,170,212,199,170,144,141,168,200,201,189,182,160,162,147,181,188,198,197,174,143,124,133,123,154,144,158,185,183,172,176,147,171,177,162,141,175,181,189,184,166,162,174,184,185,172,140,147,175,199,201,175,156,154,177,181,187,179,183,124,134,183,217,188,206,144,132,160,211,201,171,130,145,213,205,172,181,151,133,146,180,200,194,159,149,142,154,153,154,154,171,182,169,174,165,145,152,158,175,170,176,167,182,186,174,155,155,166,186,190,175,179,164,148,159,177,181,173,148,163,195,194,172,175,173,169,171,172,169,173,172,170,163,160,171,168,175,201,196,170,160,137,149,182,206,192,169,155,160,174,195,184,139,123,135,113,178,173,163,142,151,198,200,184,156,149,159,171,185,174,170,168,164,155,162,169,176,185,183,165,159,157,149,164,181,191,181,169,148,163,186,191,182,176,148,145,201,203,183,177,156,149,157,196,204,179,144,128,153,196,216,185,164,138,131,153,172,168,161,138,140,157,194,193,183,127,128,175,208,205,184,174,134,153,185,179,175,151,148,165,180,178,175,174,172,142,142,178,192,191,156,144,170,171,174,169,159,157,178,183,174,148,163,185,197,189,174,136,145,186,203,186,173,148,151,174,202,188,182,127,137,188,216,203,174,169,121,118,190,211,171,166,154,134,161,179,168,153,146,149,158,177,173,162,166,206,196,166,141,137,181,208,191,165,160,156,167,172,189,185,163,159,161,180,184,175,163,182,172,179,188,174,166,178,175,162,156,164,171,186,176,163,158,159,172,195,184,177,164,147,165,179,179,181,177,157,166,177,163,158,158,162,160,161,166,172,166,155,164,142,128,133,164,223,230,167,156,156,161,171,176,170,173,165,166,175,180,164,169,149,164,188,168,159,161,160,171,192,205,167,158,146,148,179,209,187,174,170,163,162,164,180,183,175,157,165,205,200,192,147,121,131,160,239,239,170,165,175,193,189,165,174,160,120,104,114,153,167,169,160,157,158,165,156,153,159,187,186,190,180,166,167,170,184,180,172,171,161,159,168,198,179,162,184,191,150,145,183,173,180,163,164,166,181,169,176,177,181,176,170,170,168,162,163,178,183,171,161,167,177,174,174,172,158,174,176,175,177,187,149,139,164,184,188,192,187,155,161,158,173,179,163,161,149,135,135,129,143,147,154,165,217,232,194,159,155,177,182,169,160,163,168,172,173,186,180,166,161,157,172,184,180,162,164,170,173,165,168,179,179,173,160,179,168,155,182,183,176,161,158,174,189,183,160,166,179,175,182,185,165,167,170,161,197,195,170,158,142,127,136,201,189,153,134,126,139,168,180,186,171,164,160,230,165,152,146,148,187,208,187,163,156,135,151,224,152,166,160,164,174,186,171,171,166,166,163,192,161,171,163,162,182,178,162,158,163,176,178,169,179,171,181,192,200,195,175,142,130,133,144,160,160,168,171,159,168,158,155,147,159,148,163,172,164,206,236,197,162,145,145,167,177,179,170,168,167,203,176,168,161,167,173,182,173,174,178,175,174,171,163,169,167,171,170,174,169,172,175,178,196,212,196,175,173,173,157,152,140,120,120,141,159,205,176,163,149,152,167,172,168,148,154,166,171,168,173,167,205,194,153,149,163,203,218,169,164,159,144
11,5,166,192,172,169,159,149,204,208,171,165,172,168,164,160,184,175,175,173,171,162,162,169,173,176,167,168,171,179,182,170,156,146,142,167,184,184,156,146,148,161,187,175,165,150,154,167,178,165,150,132,137,189,218,216,187,153,172,178,174,176,168,149,158,198,189,166,171,166,175,174,173,177,172,168,156,179,180,178,169,170,161,164,179,195,182,146,137,147,166,181,170,150,121,127,151,170,178,203,205,158,161,179,172,159,164,181,188,191,170,167,161,177,173,164,163,182,183,174,174,164,169,165,193,181,167,172,174,176,193,165,150,156,171,193,177,186,154,155,177,178,180,180,164,152,168,175,164,165,160,156,174,192,181,162,152,127,150,174,191,196,162,144,162,215,197,164,150,161,176,172,174,171,168,171,179,170,176,170,171,167,170,174,171,187,178,162,163,170,181,170,181,186,168,161,169,175,181,197,214,181,125,124,160,184,174,164,160,160,156,153,150,165,167,163,178,205,204,172,166,152,153,169,177,173,166,170,179,179,187,166,159,189,166,172,172,170,160,182,176,177,183,175,158,169,166,162,172,187,185,173,168,153,187,182,164,170,183,196,173,152,153,174,181,163,163,166,172,161,146,147,121,235,205,158,156,173,183,166,169,170,172,178,177,162,160,175,168,170,173,175,165,169,165,164,168,180,171,166,163,162,164,172,171,170,169,170,164,162,166,170,170,171,167,167,166,168,171,168,168,169,166,167,170,169,171,168,170,167,162,168,168,165,171,172,173,167,170,167,165,167,168,168,161,166,171,176,170,163,164,160,166,170,166,165,171,174,168,167,168,166,167,172,167,167,170,171,167,169,170,169,173,167,167,170,167,172,171,171,169,168,167,165,167,170,171,171,171,167,164,166,170,174,172,171,163,164,168,169,174,174,170,164,164,166,167,176,171,171,163,166,167,166,171,171,170,168,165,167,166,167,171,168,168,170,164,168,168,168,172,168,169,174,166,168,165,169,170,170,172,169,166,168,165,167,172,173,171,166,165,167,168,171,170,168,169,161,167,168,167,169,167,167,168,166,169,167,164,169,170,168,168,166,169,166,169,171,169,169,166,168,168,166,171,172,169,169,166,169,168,165,170,168,170,169,168,169,169,170,170,171,169,164,166,169,171,171,171,168,168,168,172,169,170,175,177,182,162,163,165,167,166,164,172,172,175,172,167,171,161,160,167,168,165,169,169,166,161,164,168,171,173,169,164,163,166,168,172,175,165,163,165,166,167,165,169,164,169,172,171,169,168,168,167,168,168,168,167,168,166,167,168,166,164,161,160,169,172,177,175,167,159,147,163,173,175,162,162,180,169,163,160,164,167,177,174,170,170,167,164,160,170,172,168,173,169,165,164,172,170,166,168,165,170,172,170,169,164,169,168,169,167,170,164,166,169,168,174,168,166,163,169,168,165,172,170,165,166,169,168,165,170,170,165,166,168,165,170,171,168,164,169,167,166,165,174,167,163,166,169,168,169,174,170,163,162,166,167,169,173,168,166,165,167,165,165,173,169,167,166,166,169,172,165,169,166,165,166,168,168,171,168,165,166,167,167,168,166,167,174,183,176,168,168,169,169,169,174,175,170,172,175,167,166,166,161,160,161,163,167,161,161,166,163,167,169,174,179,187,184,181,183,186,180,180,185,185,185,185,191,183,178,175,172,170,167,164,164,169,176,179,175,171,171,164,169,175,175,171,163,165,173,175,175,169,166,162,154,156,159,158,156,156,158,161,163,162,164,165,165,162,163,165,168,167,168,170,171,170,167,168,165,165,170,170,169,169,169,167,165,165,166,162,164,165,165,165,165,165,157,156,164,163,159,158,160,165,167,164,162,164,169,165,157,161,158,165,169,175,170,167,162,166,168,164,166,166,165,173,172,161,162,164,165,167,179,170,171,166,166,166,169,173,171,167,168,171,170,170,169,165,166,166,166,163,171,169,169,171,167,169,168,172,173,161,172,170,159,158,175,181,174,188,167,155,164,166,170,174,178,171,164,164,168,164,165,160,158,162,159,159,161,153,149,151,149,148,150,146,145,145,152,151,160,158,160,167,164,176,178,176,165,165,180,180,171,189,191,177,179,187,179,172,176,175,167,171,180,173,172,181,182,177,173,170,162,155,154,162,167,161,164,172,170,165,160,161,161,158,158,169,167,165,183,187,175,169,172,181,184,180,175,173,167,162,160,168,178,175,173,166,166,184,190,177,170,173,175,181,188,194,197,195,184,172,175,183,187,183,160
